user1です,user1,u1,user_kana1,u1_kana,1998,3,31,18152822524,2281115,神奈川,ダミー市,ダミー区,ダミービル,1
user2です,user2,u2,user_kana2,u2_kana,1998,3,31,18152822525,2281115,神奈川,ダミー市,ダミー区,ダミービル,2
user3です,user3,u3,user_kana3,u3_kana,1998,3,31,18152822526,2281115,神奈川,ダミー市,ダミー区,ダミービル,3
user4です,user4,u4,user_kana4,u4_kana,1998,3,31,18152822527,2281115,神奈川,ダミー市,ダミー区,ダミービル,4
user5です,user5,u5,user_kana5,u5_kana,1998,3,31,18152822528,2281115,神奈川,ダミー市,ダミー区,ダミービル,5
user6です,user6,u6,user_kana6,u6_kana,1998,3,31,18152822529,2281115,神奈川,ダミー市,ダミー区,ダミービル,6
user7です,user7,u7,user_kana7,u7_kana,1998,3,31,18152822530,2281115,神奈川,ダミー市,ダミー区,ダミービル,7
user8です,user8,u8,user_kana8,u8_kana,1998,3,31,18152822531,2281115,神奈川,ダミー市,ダミー区,ダミービル,8
user9です,user9,u9,user_kana9,u9_kana,1998,3,31,18152822532,2281115,神奈川,ダミー市,ダミー区,,9
user10です,user10,u10,user_kana10,u10_kana,1998,3,31,18152822533,2281115,神奈川,ダミー市,ダミー区,,10
user11です,user11,u11,user_kana11,u11_kana,1998,3,31,18152822534,2281115,神奈川,ダミー市,ダミー区,,11
user12です,user12,u12,user_kana12,u12_kana,1998,3,31,18152822535,2281115,神奈川,ダミー市,ダミー区,,12
user13です,user13,u13,user_kana13,u13_kana,1998,3,31,18152822536,2281115,神奈川,ダミー市,ダミー区,,13
