user1,user1@test.com,test12345678,test12345678
user2,user2@test.com,test12345679,test12345679
user3,user3@test.com,test12345680,test12345680
user4,user4@test.com,test12345681,test12345681
user5,user5@test.com,test12345682,test12345682
user6,user6@test.com,test12345683,test12345683
user7,user7@test.com,test12345684,test12345684
user8,user8@test.com,test12345685,test12345685
user9,user9@test.com,test12345686,test12345686
user10,user10@test.com,test12345687,test12345687
user11,user11@test.com,test12345688,test12345688
user12,user12@test.com,test12345689,test12345689
user13,user13@test.com,test12345690,test12345690
